{
  "project_info": {
    "project_number": "874761094192",
    "firebase_url": "https://parna-96c79.firebaseio.com",
    "project_id": "parna-96c79",
    "storage_bucket": "parna-96c79.appspot.com"
  },
  "client": [
    {
      "client_info": {
        "mobilesdk_app_id": "1:874761094192:android:462b11bed81e7a7f",
        "android_client_info": {
          "package_name": "com.view.parna"
        }
      },
      "oauth_client": [
        {
          "client_id": "874761094192-vkqppnmqp0of6nftn7qjiohal97mg7s2.apps.googleusercontent.com",
          "client_type": 1,
          "android_info": {
            "package_name": "com.view.parna",
            "certificate_hash": "dddfa99973236b9d177e8b3299d185519458541e"
          }
        },
        {
          "client_id": "874761094192-vto8e5tdnb0251cbmrf53ccla19nesjk.apps.googleusercontent.com",
          "client_type": 3
        }
      ],
      "api_key": [
        {
          "current_key": "AIzaSyAh9hrrYvOs0IfqLoI-ikmMnooTCitgE1A"
        }
      ],
      "services": {
        "analytics_service": {
          "status": 1
        },
        "appinvite_service": {
          "status": 2,
          "other_platform_oauth_client": [
            {
              "client_id": "874761094192-vto8e5tdnb0251cbmrf53ccla19nesjk.apps.googleusercontent.com",
              "client_type": 3
            }
          ]
        },
        "ads_service": {
          "status": 2
        }
      }
    }
  ],
  "configuration_version": "1"
}